{"cameraMode":{"drawMode":0,"name":"Shaded","section":"Shading Mode"},"sceneLighting":true,"audioPlay":false,"sceneViewState":{"showFog":true,"showMaterialUpdate":false,"showSkybox":true,"showFlares":true,"showImageEffects":true,"showParticleSystems":true},"in2DMode":false,"pivot":{"x":-29.672082901000978,"y":1.2227741479873658,"z":1.1176449060440064},"rotation":{"x":0.06895985454320908,"y":-0.901378333568573,"z":0.39801234006881716,"w":0.15622654557228089},"size":9.899160385131836,"orthographic":false}